uuid,cluster
00041450-0002-4444-8888-acdc00000002,0
00060279-0001-4444-8888-acdc00000001,1
00060289-0001-4444-8888-acdc00000001,1
00060293-0001-4444-8888-acdc00000001,2
00060389-0002-4444-8888-acdc00000002,1
00060399-0001-4444-8888-acdc00000001,1
00060437-0001-4444-8888-acdc00000001,1
00060441-0001-4444-8888-acdc00000001,1
00060446-0001-4444-8888-acdc00000001,1
00060471-0001-4444-8888-acdc00000001,1
00060472-0003-4444-8888-acdc00000003,1
00060508-0002-4444-8888-acdc00000002,1
00060558-0005-4444-8888-acdc00000005,1
00060861-0006-4444-8888-acdc00000006,1
00061016-0008-4444-8888-acdc00000008,1
00061017-0007-4444-8888-acdc00000007,1
00061055-0003-4444-8888-acdc00000003,1
00061428-0002-4444-8888-acdc00000002,3
00061467-0010-4444-8888-acdcffffffff,1
00061555-0001-4444-8888-acdc00000001,1
00061651-0001-4444-8888-acdc00000001,4
0055bbb5-2c30-4cb9-89f4-d937cf121770,5
00d5c1b0-ad92-428e-b1e0-067d8b8a76bc,5
0186b46d-eeba-4a5a-8982-76be5acf8dee,0
02071bff-1f29-4c5e-9823-3644589ee89e,5
0271f0fc-65ed-4725-a922-57eec615195b,5
05a9dda6-b9d0-4bc7-9374-47aa0387eb52,1
05b4fbb3-13d8-4641-a461-543901e25b29,6
09d5951b-3495-4160-a14a-52290eda4406,1
09d6912f-0b17-4b80-9a90-8e9bbc297895,7
0a232eef-5e75-4a2b-a0b0-d31e1883e29f,5
0a3ed70f-3854-4126-8b12-2d492a058b36,8
0a404032-7c67-4769-aeb6-2e153747c1f2,5
0abaccf2-5efa-4536-b5c5-afe3932e3724,5
0c3b710a-3aae-45c9-998d-e0783ef83b60,6
0e18d0d3-ed38-4e7f-a18e-507a78ad901d,5
0e630d02-c047-4bc4-b7f4-66450b4ffd67,6
0e958d31-5503-4b9c-bf1d-5a18e20c473e,5
0ea2f653-bce6-4e71-80b2-8cf7c893ba54,5
0f83c70b-31e7-43ba-967b-4361e5e69bf5,9
103afdaa-8f09-45df-a223-90f03f1f8d24,10
1106cf26-a0fa-48c3-8fdf-552dd038373b,5
11fd3e93-6c6e-43a5-baca-57260c10093c,6
123dd3f2-f551-4ecf-bda6-5b0be1a37005,2
1273302b-5410-4236-b8fa-391eaccb6295,9
13c9783f-aaaf-471f-a296-d2b6f7dbb5d9,11
16f46816-2141-41d4-b1d3-5ab808f1484d,1
17e1d0a9-62fe-466d-9dac-455ef508dbfc,6
19275bf1-8186-47d8-b5eb-261431afaced,2
19a36bac-ea1e-42b2-b7cd-c9f0fa8d0bd1,6
1a40cfdc-15d1-4aaf-be32-407f117d285a,5
1a59fc8f-54b2-4793-9878-f55e023fb289,6
1b2de9d7-f360-4af8-a563-749a44418a27,12
1b75ed80-2574-4156-aab9-5efb7d29e503,5
1cf17a0c-0091-4ea4-a12d-3ccf944c1947,0
1d46fba4-4886-4708-ae32-0ffad8d8a71f,0
1f24686e-5700-43b0-9818-e7d9f000a9c2,1
1f4d9e78-38d8-45a5-84d0-2d6758380a1f,6
1f939805-10bc-4227-967a-d96e97d9e48c,2
20d9d5ca-e707-40f6-8f92-d1d25aef555a,5
22ad5946-78de-4c03-8b3f-cb7bc0bf1c4d,5
23e00cd7-7415-4cda-a30a-836d26b3a4c3,5
265e52da-a749-4517-9ba0-0566e9eaa33c,1
26bd62f8-6021-4418-ba4f-26100f8dca1e,5
26d1059f-e9f0-4911-8474-9693f76a6fec,0
298ab794-5244-4a5f-8dbe-74c810c4c301,5
29b2c05b-a0ba-455f-b37a-d3c171358f31,8
2a6ec536-a1e2-44cd-aaa6-2abc46b36866,6
2aa5a805-38a3-450c-b92b-f08c78a5fad4,5
2acc4724-ea6a-4874-baa6-e191ccb12756,6
2ba871b9-634a-4b92-9b5c-5c3efda57077,13
2e42747d-1be1-472a-4fc5-d3073ad7d533,13
30638ceb-f6fe-4622-a22c-7b25602dbb05,5
3118018a-15fe-4594-b75a-42d451037ff0,13
32910e41-78b2-4c04-8170-38c3716c1232,12
32f30926-01dd-41aa-9e05-7820caafd24f,5
340f434d-d973-48cd-930e-fd36bb46d124,13
341c0b37-d4be-48d0-9f38-19a983694505,14
345b76b2-e4f6-4914-a3c8-0d1e29a082b5,15
34ad8aa4-f447-4e08-be64-3142eb7629dd,6
34c0a4d3-3354-4f51-93ae-9e1b5bf6109f,9
34c0c156-7eb2-4271-88e2-e7474dea15ca,5
34d2cd04-efe1-4631-b56f-3d467f5988b6,5
364670ea-3d6c-448b-98e1-38c3b2bedb41,0
37b6464b-3645-4413-b635-46725421c835,1
37d9e43f-38af-40e5-9402-abf6dee277c3,16
3b7e660f-2f6c-4131-aece-8e859d8bdf62,9
3bb87d5f-85b4-4206-ab88-58900c85d6d2,0
3cf58ebc-f182-445d-9e5e-3214576213a7,7
3d2fe1ed-0684-4006-9b96-674a48debb8f,5
3f0508b2-23a4-40bd-add2-f4b806bdf008,5
3f3b93ba-2d43-4d99-9416-efe161961bbb,13
414897e6-396c-453a-98af-6816de6f3013,11
417b06c4-5041-4e85-9227-8c9694ca9fb9,5
41c5eac2-7a17-46d8-90fe-d0a8c56db5fc,1
41d21507-a552-4311-873a-d0a2143292af,6
42ddd4e2-9c2e-41d5-b441-eb9f54259535,2
430f6f71-72cb-4996-9d4b-bb12d1793a92,13
435c2e50-cc83-4620-9abc-0e972d7050d1,6
43bd86fc-24e7-4880-9caf-8bc4d1fa42e9,5
4525cfca-7ed0-473c-add5-4ad165a93135,17
453b345b-e1a7-49a4-b785-89664328db7d,6
47a417dc-a6f9-4890-b8e6-34672ab32f13,5
47b6c7c4-65fe-4ad5-8aab-3969e53a084c,13
48500bf0-4e43-4c10-958b-5bb9eb17fb62,6
4ab2ec26-a8ee-4e21-964d-a6425a9659b6,5
4b7e7978-b9ac-4013-9c28-c6afbfd4cb2d,5
4b803544-57f2-49ae-9e49-670081e6d462,16
4c256dc7-5995-4f7f-9b14-5eb222067462,16
4ca27b13-2a7f-454d-a159-5907e83b1e24,13
4ced61f8-5a8f-4e52-9af6-57de5e3bff47,5
51810dfd-e107-4f6a-5fb5-8e6b5f099bb3,18
51d4b41e-a095-1aa0-e100-80009459e03a,16
51d4b42c-a095-1aa0-e100-80009459e03a,12
51d4b442-a095-1aa0-e100-80009459e03a,5
51d4b443-a095-1aa0-e100-80009459e03a,5
51d4b46a-a095-1aa0-e100-80009459e03a,2
51d4b47e-a095-1aa0-e100-80009459e03a,6
51d4b485-a095-1aa0-e100-80009459e03a,5
51d4b49a-a095-1aa0-e100-80009459e03a,5
51d4b506-a095-1aa0-e100-80009459e03a,19
51d4b531-a095-1aa0-e100-80009459e03a,10
51d4b535-a095-1aa0-e100-80009459e03a,5
51d4b589-a095-1aa0-e100-80009459e03a,16
51d4b591-a095-1aa0-e100-80009459e03a,5
51d4b5b3-a095-1aa0-e100-80009459e03a,5
51d4b5e8-a095-1aa0-e100-80009459e03a,13
51d4b61c-a095-1aa0-e100-80009459e03a,5
51d4b65d-a095-1aa0-e100-80009459e03a,9
51d4b676-a095-1aa0-e100-80009459e03a,5
51d4b6b2-a095-1aa0-e100-80009459e03a,2
51d4b6bd-a095-1aa0-e100-80009459e03a,2
51d4b701-a095-1aa0-e100-80009459e03a,0
51d4b71e-a095-1aa0-e100-80009459e03a,6
52d554ea-73ce-4d4c-bee3-0a858ededb33,5
52f1e679-abc9-45c7-ae19-0b5e5a73194a,5
5342d82a-fefd-44c8-a59d-be8111fdb867,5
53a40ec8-4a9c-459f-812d-27b64f0805ee,20
54653788-7857-4a91-baf7-7e58a8145224,5
5511a3ad-8e10-4838-8acb-1915927606d9,5
553e94f7-94a5-4b98-918a-80e063fdcdad,21
554aeca7-4b82-4b5a-b85f-1379e4b23352,16
5603b5cf-e657-44a5-87d8-e0dfd141e313,5
56b46d12-9b37-457a-af36-b170356f49f6,2
5741629b-92a8-4a69-878a-e9b496a65dfa,5
59a68826-5a76-499f-82d3-f49fc076d284,5
5a8fc6fd-6f03-4157-a7af-b0ee2b75307b,13
5c260943-10ef-4129-8036-ad49ae5f35d5,5
5c731c1c-1682-4f5e-9eb3-723b79fcac83,3
5c751aeb-d343-4e51-bd77-d0204dfce418,6
5c97286d-228e-4def-8d30-2c2f63668b92,5
5de4ac1e-69d6-4dd7-b5cf-eed0208f8214,6
5e793b3b-c021-4e36-bd2c-55e357a3638e,5
5f7e4b7d-482f-4707-a016-00c104984937,11
5f84a3a0-be8d-4941-b950-6804ac925c64,22
60c3a07c-2ebe-4073-adae-a667e22fd4c8,6
610d4bf4-b1a1-4939-9a1f-d18c9f01a07d,5
620ba28e-edf4-43d7-bca3-eb0612952475,5
628d1482-faae-499a-8679-3f87f8c471f1,23
628d8b6e-809e-40b9-4d49-6b370c589788,24
62deee72-aaf3-4bd0-80e7-af9918b142ef,5
63981d4f-ee3c-442a-9e60-930aa69f2cad,0
63b147a8-dccc-4bdb-bf00-8bde0dcecd10,5
64cc4dd1-1473-4404-83e8-bb816df582c9,25
65a5184f-f2cf-45ae-99a2-c96bd84e1740,16
65d95b09-e1cb-454f-b3da-49876ad84561,21
66ac515e-7960-4cbd-9f23-d5230944c134,10
673c00ad-1de6-4876-9845-4ff43c0cec0e,10
67693691-5653-44b1-9c0f-1151ddc9ea40,6
67849bd9-a514-463b-b21b-f509e68329a9,16
67e59180-1bd0-4c5c-bc7d-f725d91f0a6d,16
689e1f81-7786-41e0-8f2c-cf722ca309f8,2
68fde088-9a72-4887-bab3-9cd82a001dc7,6
6b6a0b44-e2f8-4fe5-a3ea-e4970d41dd13,0
6c2ff229-2e9a-47da-8394-8bff5ab91875,6
6eaab5b6-646e-4439-81fc-ce5005259a15,6
6efb6909-7a8d-4e5d-ae70-1ce84dba7d7c,5
6fce5ae3-c3aa-43ff-a871-01e5fb754022,17
6fe2de8c-08f2-4c6d-ae5a-e4bf822e936f,16
739a6c24-254b-4c51-95ff-122c896b9bd7,9
74ff5ad6-e645-4dcc-bae1-e9e2e61af04f,10
765ea063-b104-4cb4-a8b1-f0387dc666a8,9
76649333-ff54-4855-b84b-e04c5bfcbd13,17
76af2f1d-e4ed-4e86-9a29-0a527e0b4ba9,10
7a79843c-09fb-4985-b4d5-3b2d41dc0fd7,12
7b2fc7a4-f619-4994-aa91-ce5d880899e0,5
7d147b50-229a-4ac4-8b38-17e7f4b3376b,6
7d7e9d1a-b830-4672-a0a1-1c5cc471c205,6
7e38e6ed-6e29-4bd2-bba1-8674739b5643,16
7f990b02-58ae-4670-b34c-94a09971c681,16
7fcad90f-1761-48ad-afc5-157befd7d2e1,16
802e24d9-e991-4be7-bac1-7a4e4fc683e2,5
80ce1182-e40d-4765-bbb7-f48060768a23,2
8131600b-0231-4c41-895e-b9b733125adc,5
8185cb0e-6dcf-42ad-a5e9-c63209564c96,4
86e9bb80-1255-4f31-84b8-87e043b1e005,5
88dfaaf1-fad6-465a-924e-d675b3b11c23,5
8a2cc672-2c7f-4322-a74f-c80336e49c9e,0
8bf5c34a-c3f1-4e52-9173-38f6bebbcd3d,5
8d21423c-093d-43d1-99e4-da01ba69a9f8,0
8d253362-4f6e-4851-be38-8c9551493d3d,6
8d3f8ec1-95ba-42bc-9c9a-79432c2695e3,6
8ed0d774-310b-4e49-815b-3879e89ba83c,0
8f2e54d9-12b2-4f42-a012-6942c57688e9,5
8fec9d65-531f-447f-b2ef-4fafa4c094a4,2
900fc4ef-a973-4baf-981d-ab86b0c199c2,16
90295382-9fae-42c2-b84d-1bfac2545fb5,0
93dacb1f-72eb-4eb5-a922-5799cc2b1bf5,6
9706a9e2-8632-4811-b56c-d3ac77042342,26
9826b023-5719-48c0-9571-e16641777879,0
9a305a86-0398-4c30-9070-9702d712d288,1
9ae83fef-f6ca-44e8-9cbd-1fee129a1686,16
9b7f15f9-17db-4d6b-a606-ebc9f40826c2,23
9bc77a86-ef47-472d-87e3-b22d3eff1682,16
9c6921bc-6c3a-4123-8ea2-c1a2abed80bc,13
9d296741-8247-4a5f-be34-4aafe9e36a2c,1
9df7845d-9133-4a8d-acc9-a5be7d1a0276,13
9f32a2f0-7ebc-4dcc-b8e3-48640824b30b,27
a0e00e71-fa8e-4ad0-bd17-24c0e0baa6e5,5
a170c56a-ea2d-4e72-b424-f60d75181307,25
a18c6171-3bb6-48d4-888f-5ba80d635c69,2
a19f90e5-c603-405c-9a28-c4c42cb3df3d,16
a1ccecb1-15e2-4015-830f-7686dbfaca64,21
a2c1cdd2-477c-41cd-b116-1cd3b4b3e17c,0
a34a8781-33c1-40b4-85a1-5e2645248f24,5
a415a4cf-c0e5-4cb0-933c-dbc54709de1a,10
a76506bb-7ccf-4785-1066-f2c5d26bb900,28
a8c4085d-2b13-4ba0-81cb-1302d294860d,5
aa2f7830-2c0a-4a37-803e-8824a8eef426,2
aa871caa-3b3d-4596-9ced-5d34eb3f1002,5
aab62468-53b6-4f24-995e-c76f98978d5a,16
acb2997b-57aa-4d55-a71b-c9f7d8eef71c,5
aea76107-92ea-47ea-99ac-4c7fa1491fe8,28
af9bbfb5-7320-414f-aa93-715dfd07182e,5
b274766d-4551-4348-9ab7-ffce58ee469c,5
b2bd0354-a05a-4204-8690-7e5de9a0048b,9
b3a9348f-8f05-4e21-b09a-0a8e1476640c,21
b457a782-e3d4-4513-a258-c4d3e199d79a,5
b5a23cae-7eaf-4b4d-ae4e-88e57832eaa1,17
b617fc5f-e468-4238-b9ba-62bf07bbb027,13
b620d642-9cb8-4afd-a670-6f8c3227c5dd,5
b84b16c1-2dad-4ed0-8823-916d8ed954bf,6
ba57cc7a-aa15-4fe8-87d4-180fcd1cc8a4,16
bcef8473-305c-4617-aa90-a87a459786ee,5
bd13582b-6080-4dea-a042-6658b09f53ff,28
bd9feb71-5a7d-45aa-acea-0f27bc61430b,21
be4045b6-e5de-4770-a692-650fa590e26c,0
be6ef02c-77ed-48e0-8b87-653cc92ae335,13
be811e79-cf4f-48dd-a6de-74cdf410bd8e,6
bf488106-7f55-4ded-ab7d-ec130d8f2b2c,6
bf5ed9c7-f7d0-44b8-a80f-61e9fc6e08d5,10
bfc8efb6-3b9b-402c-b4c2-e6dfec24675f,6
c16bc9b8-5d85-4fda-b296-4757138d3e56,29
c1ab85a6-a64f-46b9-89d5-260cc1d5d77c,10
c28c5b0d-f5be-4e9b-8a4a-67cfc55751ec,0
c55364d7-cb92-49e2-9792-50f91fcd33d5,0
c573f0dc-aedb-46b4-a9dd-18b0eb06787e,5
c6392db4-8b59-420e-a403-b50092adea5b,13
c76fa28b-4819-4319-9065-b6e696b316f2,6
c8055d92-fe51-465c-8569-edda2a74b1a0,5
cc4d88db-5723-4f31-b029-b48895381499,5
cd76d303-7e72-4fc8-bbaf-04328901c322,5
cda32095-d4dc-4067-9664-9d80de8ac472,5
cde32a83-5c45-4797-aea3-5c92c5fc113e,5
ce503b9d-54d1-45c8-98e8-b1da736d4110,5
cfdd36a1-5cec-4401-9c06-062d04b8fa09,2
d07b0067-f28e-4575-836e-b1d565b24b19,5
d11f2fdf-b096-4192-a557-fa6a48446314,9
d29cac69-fce1-48e1-acc7-e2071fce0f58,12
d2ccdd07-0827-41d8-a1ea-1d1cbee94a53,6
d2f097c6-08b3-41bc-a6c8-b97743d12a8f,13
d3ef2892-11b5-4032-adf9-13cf2206f726,10
d7f5e6c6-db4f-4385-9e10-2c9c813ad1ab,0
d8670da9-ee86-451c-b78a-87ffe1a5c93a,5
d9122fdf-cd05-4299-b83e-39c65aa1592f,1
d96604a1-0ed7-4882-a292-0ab5436914c2,5
d97f24ac-29f7-4fd5-9173-1d72ac24e894,16
d9babca4-6d00-4d08-81ca-421a3329b83a,5
da2fa50c-5be8-4c9a-bdaf-bae4b739a29d,1
daedd891-ce4f-4ed0-ae43-8e64063130dc,3
db12f7e2-fc74-4fe6-8968-f30b62436ac1,10
db36edf9-1b44-4358-8e29-e2bdf7b12ef1,1
db482d9a-3154-4886-90c9-5ddc26ff49aa,16
dba3e2af-0314-4c39-9a13-57244fdeb47d,13
dc6d5b20-4cdd-402f-9772-08d7e62c7f85,0
de4ab744-fb65-4998-8666-bbf110e42dcd,0
de70d393-f605-484b-a6e4-caa3992ab8ec,13
de935c7e-bbdd-4d77-942a-69a77d2c1060,6
dec2ebca-321f-4c94-9fe9-65f94d3732d4,10
dfffa0d9-7e31-4dd2-8fec-79af950f13ac,5
e1a15081-2561-9107-e040-0b0a3dfe563c,6
e2b1503f-6be0-4f7b-979f-b105f3ab28c9,5
e32e8039-1552-4028-afc9-fd3c9376e44c,0
e375b879-5c21-4e2d-87fa-a4db5aa100ee,16
e42c4d80-1f3d-4456-9a28-1d0a665e09fb,5
e4b3161b-269e-41f9-8c56-d813a6733668,5
e4e48d10-0b37-4ecf-a0bd-552b0302a4af,16
e50c6d10-4349-434d-b2db-a092099831eb,7
e5b69ac7-bdee-4c66-bd1a-a8ca8dbffb5d,0
e6d75bd3-6c9d-4883-869e-bba46bb3dc79,5
e7e893e3-7027-46f5-ab06-da1301eed117,22
e8c48b48-5ec2-4795-96e9-95391c371c24,8
e9e805ea-8f6d-4450-9fcb-bacad82e4c7a,0
ea323b55-089f-4293-91fc-49cbb6c60035,10
eb8ff3b3-6e15-48c7-bb17-0d8fdd1e11ff,13
ec0282d1-1ca2-4f31-8f91-455dc78225cb,16
eca70e95-396b-4ed5-99bf-001f66c5f0d8,5
ed29a720-c573-49d1-af9c-467c8d83969d,5
efce68ae-2e4a-402b-9140-edfa5dfe37c0,9
f045fada-044b-416a-be61-5caf3306a331,5
f0662565-9a1f-46c9-b93d-4a4facc32e9f,30
f0686712-bcfb-40c8-a2eb-9fbb48a24aa3,5
f19f6aec-ab83-4c6e-93c3-9b68329e3f6a,23
f2ed6cb5-d0ba-4256-a741-26f56f2d76eb,5
f3aacba3-28e5-4413-acfa-871464c726c0,6
f43d6a5b-352a-480f-836a-4ec6ca7b2da7,1
f556416a-5165-4ab4-98cf-dfcb13c9b952,8
f66a6567-785f-4ad4-bd96-a7ce26062b5e,0
f8172913-8f84-5294-67d9-b79580bc6cb8,1
f85cbd55-485e-4bb9-956b-aefb3232d33d,1
f96b0d2b-c33b-4d8e-a08b-6a9e2f3c657a,0
fb150c27-af4b-40fa-aaea-47436bc12041,5
fb79c457-543a-4ff6-ba70-cd270ac2110a,0
fd3b21d3-11f7-403c-9884-3668dba7d316,1
fe50b4a5-84c9-4812-a0b7-4b29f589e1e2,0
fe9be5a3-0e5e-4f29-b07d-69faddac3390,5
feb28bec-a110-4805-9739-3d2042711489,0
